{
  "lang":"en",
  "name":"pipeline",
  "version":"0.0.0",
  "spacy_version":">=3.7.1,<3.8.0",
  "description":"",
  "author":"",
  "email":"",
  "url":"",
  "license":"",
  "spacy_git_version":"9d036607f",
  "vectors":{
    "width":0,
    "vectors":0,
    "keys":0,
    "name":null,
    "mode":"default"
  },
  "labels":{
    "tok2vec":[

    ],
    "ner":[
      "B-DES",
      "B-EMAIL",
      "B-NAME",
      "B-ORG",
      "B-PHOE",
      "B-PHONE",
      "B-WEB",
      "DES",
      "EMAIL",
      "I-DE",
      "I-DES",
      "I-EMAIL",
      "I-NAME",
      "I-OR",
      "I-ORG",
      "I-PHONE",
      "I-WEB",
      "NAME",
      "ORG",
      "PHONE",
      "WEB"
    ]
  },
  "pipeline":[
    "tok2vec",
    "ner"
  ],
  "components":[
    "tok2vec",
    "ner"
  ],
  "disabled":[

  ],
  "performance":{
    "ents_f":0.6305970149,
    "ents_p":0.662745098,
    "ents_r":0.6014234875,
    "ents_per_type":{
      "B-NAME":{
        "p":0.8333333333,
        "r":0.75,
        "f":0.7894736842
      },
      "I-NAME":{
        "p":0.8518518519,
        "r":0.6764705882,
        "f":0.7540983607
      },
      "B-PHONE":{
        "p":0.625,
        "r":0.6097560976,
        "f":0.6172839506
      },
      "B-ORG":{
        "p":0.625,
        "r":0.4545454545,
        "f":0.5263157895
      },
      "I-ORG":{
        "p":0.641509434,
        "r":0.641509434,
        "f":0.641509434
      },
      "B-EMAIL":{
        "p":0.8125,
        "r":0.6842105263,
        "f":0.7428571429
      },
      "I-EMAIL":{
        "p":0.8571428571,
        "r":0.5,
        "f":0.6315789474
      },
      "PHONE":{
        "p":0.0,
        "r":0.0,
        "f":0.0
      },
      "B-DES":{
        "p":0.8181818182,
        "r":0.5,
        "f":0.6206896552
      },
      "I-DES":{
        "p":0.4761904762,
        "r":0.625,
        "f":0.5405405405
      },
      "I-PHONE":{
        "p":0.4615384615,
        "r":0.5,
        "f":0.48
      },
      "B-WEB":{
        "p":1.0,
        "r":0.8571428571,
        "f":0.9230769231
      },
      "I-WEB":{
        "p":0.0,
        "r":0.0,
        "f":0.0
      },
      "ORG":{
        "p":0.0,
        "r":0.0,
        "f":0.0
      }
    },
    "tok2vec_loss":439.0416967228,
    "ner_loss":321.8426846064
  }
}