{
  "lang":"en",
  "name":"pipeline",
  "version":"0.0.0",
  "spacy_version":">=3.7.1,<3.8.0",
  "description":"",
  "author":"",
  "email":"",
  "url":"",
  "license":"",
  "spacy_git_version":"9d036607f",
  "vectors":{
    "width":0,
    "vectors":0,
    "keys":0,
    "name":null,
    "mode":"default"
  },
  "labels":{
    "tok2vec":[

    ],
    "ner":[
      "B-DES",
      "B-EMAIL",
      "B-NAME",
      "B-ORG",
      "B-PHOE",
      "B-PHONE",
      "B-WEB",
      "DES",
      "EMAIL",
      "I-DE",
      "I-DES",
      "I-EMAIL",
      "I-NAME",
      "I-OR",
      "I-ORG",
      "I-PHONE",
      "I-WEB",
      "NAME",
      "ORG",
      "PHONE",
      "WEB"
    ]
  },
  "pipeline":[
    "tok2vec",
    "ner"
  ],
  "components":[
    "tok2vec",
    "ner"
  ],
  "disabled":[

  ],
  "performance":{
    "ents_f":0.6666666667,
    "ents_p":0.7035573123,
    "ents_r":0.6334519573,
    "ents_per_type":{
      "B-NAME":{
        "p":1.0,
        "r":0.7,
        "f":0.8235294118
      },
      "I-NAME":{
        "p":0.78125,
        "r":0.7352941176,
        "f":0.7575757576
      },
      "B-PHONE":{
        "p":0.65,
        "r":0.6341463415,
        "f":0.6419753086
      },
      "B-ORG":{
        "p":0.6,
        "r":0.5454545455,
        "f":0.5714285714
      },
      "I-ORG":{
        "p":0.75,
        "r":0.679245283,
        "f":0.7128712871
      },
      "B-EMAIL":{
        "p":0.875,
        "r":0.7368421053,
        "f":0.8
      },
      "I-EMAIL":{
        "p":0.8333333333,
        "r":0.4166666667,
        "f":0.5555555556
      },
      "PHONE":{
        "p":0.0,
        "r":0.0,
        "f":0.0
      },
      "B-DES":{
        "p":0.6923076923,
        "r":0.5,
        "f":0.5806451613
      },
      "I-DES":{
        "p":0.5,
        "r":0.5,
        "f":0.5
      },
      "I-PHONE":{
        "p":0.5609756098,
        "r":0.6388888889,
        "f":0.5974025974
      },
      "B-WEB":{
        "p":1.0,
        "r":0.8571428571,
        "f":0.9230769231
      },
      "I-WEB":{
        "p":0.0,
        "r":0.0,
        "f":0.0
      },
      "ORG":{
        "p":0.0,
        "r":0.0,
        "f":0.0
      }
    },
    "tok2vec_loss":605.3809355253,
    "ner_loss":483.394405149
  }
}